{"cameraMode":{"drawMode":0,"name":"Shaded","section":"Shading Mode"},"sceneLighting":true,"audioPlay":false,"sceneViewState":{"m_AlwaysRefresh":false,"showFog":true,"showSkybox":true,"showFlares":true,"showImageEffects":true,"showParticleSystems":true,"showVisualEffectGraphs":true,"m_FxEnabled":true},"in2DMode":false,"pivot":{"x":435.5321960449219,"y":363.7432556152344,"z":-252.60595703125},"rotation":{"x":0.008689122274518013,"y":0.017095794901251794,"z":0.00014852466119918972,"w":-0.999817430973053},"size":341.873291015625,"orthographic":false}