{"cameraMode":{"drawMode":0,"name":"Shaded","section":"Shading Mode"},"sceneLighting":true,"audioPlay":false,"sceneViewState":{"m_AlwaysRefresh":false,"showFog":true,"showSkybox":true,"showFlares":true,"showImageEffects":true,"showParticleSystems":true,"showVisualEffectGraphs":true,"m_FxEnabled":true},"in2DMode":false,"pivot":{"x":443.8645935058594,"y":288.67596435546877,"z":296.0936279296875},"rotation":{"x":-0.0033094363752752544,"y":0.009596911258995533,"z":-0.000033038748370017856,"w":-0.9999536275863648},"size":448.9099426269531,"orthographic":false}