{"cameraMode":{"drawMode":0,"name":"Shaded","section":"Shading Mode"},"sceneLighting":true,"audioPlay":false,"sceneViewState":{"m_AlwaysRefresh":false,"showFog":true,"showSkybox":true,"showFlares":true,"showImageEffects":true,"showParticleSystems":true,"showVisualEffectGraphs":true,"m_FxEnabled":true},"in2DMode":false,"pivot":{"x":573.5770874023438,"y":253.55259704589845,"z":78.700439453125},"rotation":{"x":-0.0033095963299274446,"y":-0.003902826923877001,"z":0.000011556460776773747,"w":-0.9999910593032837},"size":319.2568359375,"orthographic":false}